ea_id,osf_id
iPRES:ea2022:19,iPRES:osf:2s4rf
iPRES:ea2022:112,iPRES:osf:3jnqs
iPRES:ea2022:51,iPRES:osf:3tz2y
iPRES:ea2022:69,iPRES:osf:45h2g
iPRES:ea2022:83,iPRES:osf:4sa5h
iPRES:ea2022:87,iPRES:osf:4sg3h
iPRES:ea2022:5,iPRES:osf:5326f
iPRES:ea2022:32,iPRES:osf:5xkv4
iPRES:ea2022:102,iPRES:osf:68e5c
iPRES:ea2022:80,iPRES:osf:6crv3
iPRES:ea2022:46,iPRES:osf:6d87g
iPRES:ea2022:54,iPRES:osf:6jebx
iPRES:ea2022:75,iPRES:osf:6mxbh
iPRES:ea2022:105,iPRES:osf:6rnk4
iPRES:ea2022:62,iPRES:osf:6sezx
iPRES:ea2022:17,iPRES:osf:7cbmd
iPRES:ea2022:73,iPRES:osf:7ebyj
iPRES:ea2022:60,iPRES:osf:7hnrd
iPRES:ea2022:89,iPRES:osf:7jhxk
iPRES:ea2022:29,iPRES:osf:7u4gh
iPRES:ea2022:67,iPRES:osf:83m79
iPRES:ea2022:13,iPRES:osf:856tk
iPRES:ea2022:7,iPRES:osf:87bc5
iPRES:ea2022:28,iPRES:osf:8adfx
iPRES:ea2022:100,iPRES:osf:8mxja
iPRES:ea2022:18,iPRES:osf:8qnjg
iPRES:ea2022:74,iPRES:osf:8tj6e
iPRES:ea2022:92,iPRES:osf:9u4bd
iPRES:ea2022:36,iPRES:osf:a56s9
iPRES:ea2022:96,iPRES:osf:ar8e5
iPRES:ea2022:38,iPRES:osf:ay48c
iPRES:ea2022:52,iPRES:osf:bmv8w
iPRES:ea2022:39,iPRES:osf:cqj5e
iPRES:ea2022:27,iPRES:osf:cypj7
iPRES:ea2022:9,iPRES:osf:d2j5p
iPRES:ea2022:95,iPRES:osf:devx4
iPRES:ea2022:59,iPRES:osf:e463f
iPRES:ea2022:71,iPRES:osf:e5tqg
iPRES:ea2022:8,iPRES:osf:ej9nv
iPRES:ea2022:76,iPRES:osf:eswgf
iPRES:ea2022:58,iPRES:osf:eyxvs
iPRES:ea2022:88,iPRES:osf:f257a
iPRES:ea2022:110,iPRES:osf:fhe92
iPRES:ea2022:85,iPRES:osf:fmxup
iPRES:ea2022:98,iPRES:osf:g62qd
iPRES:ea2022:93,iPRES:osf:gb34z
iPRES:ea2022:44,iPRES:osf:gbm7c
iPRES:ea2022:14,iPRES:osf:gcynk
iPRES:ea2022:90,iPRES:osf:gfr5h
iPRES:ea2022:23,iPRES:osf:gpc9q
iPRES:ea2022:1,iPRES:osf:gx5dt
iPRES:ea2022:65,iPRES:osf:h2gfs
iPRES:ea2022:101,iPRES:osf:hmzer
iPRES:ea2022:103,iPRES:osf:hn48f
iPRES:ea2022:56,iPRES:osf:hncft
iPRES:ea2022:61,iPRES:osf:j7pq8
iPRES:ea2022:20,iPRES:osf:j9vcn
iPRES:ea2022:43,iPRES:osf:jzbk8
iPRES:ea2022:12,iPRES:osf:k6htn
iPRES:ea2022:25,iPRES:osf:kd932
iPRES:ea2022:41,iPRES:osf:khmu7
iPRES:ea2022:3,iPRES:osf:ktwf3
iPRES:ea2022:10,iPRES:osf:ku3fs
iPRES:ea2022:34,iPRES:osf:mk956
iPRES:ea2022:63,iPRES:osf:ms8z2
iPRES:ea2022:86,iPRES:osf:n4myk
iPRES:ea2022:97,iPRES:osf:n9zr5
iPRES:ea2022:53,iPRES:osf:ng9d7
iPRES:ea2022:48,iPRES:osf:p73yb
iPRES:ea2022:26,iPRES:osf:p9yr6
iPRES:ea2022:57,iPRES:osf:peyrd
iPRES:ea2022:70,iPRES:osf:pyz5c
iPRES:ea2022:50,iPRES:osf:qbtcp
iPRES:ea2022:6,iPRES:osf:qcz94
iPRES:ea2022:42,iPRES:osf:qr6ft
iPRES:ea2022:78,iPRES:osf:qrax3
iPRES:ea2022:30,iPRES:osf:r4wta
iPRES:ea2022:68,iPRES:osf:rd7vs
iPRES:ea2022:81,iPRES:osf:rkfjy
iPRES:ea2022:109,iPRES:osf:s7ka4
iPRES:ea2022:107,iPRES:osf:s8c4x
iPRES:ea2022:79,iPRES:osf:scfxr
iPRES:ea2022:49,iPRES:osf:sz37m
iPRES:ea2022:47,iPRES:osf:szkv4
iPRES:ea2022:84,iPRES:osf:tgd73
iPRES:ea2022:22,iPRES:osf:uqsja
iPRES:ea2022:77,iPRES:osf:uswx6
iPRES:ea2022:99,iPRES:osf:uy5gv
iPRES:ea2022:24,iPRES:osf:v9f35
iPRES:ea2022:16,iPRES:osf:v9ub8
iPRES:ea2022:45,iPRES:osf:vq7ug
iPRES:ea2022:94,iPRES:osf:wbu5g
iPRES:ea2022:55,iPRES:osf:wtm93
iPRES:ea2022:64,iPRES:osf:wue5c
iPRES:ea2022:11,iPRES:osf:x4sj9
iPRES:ea2022:35,iPRES:osf:x8g7e
iPRES:ea2022:111,iPRES:osf:x8yms
iPRES:ea2022:66,iPRES:osf:x9pf6
iPRES:ea2022:40,iPRES:osf:xeyr3
iPRES:ea2022:72,iPRES:osf:xkw89
iPRES:ea2022:37,iPRES:osf:xsdqf
iPRES:ea2022:91,iPRES:osf:xsug8
iPRES:ea2022:104,iPRES:osf:y356n
iPRES:ea2022:106,iPRES:osf:y8cvu
iPRES:ea2022:21,iPRES:osf:y9ajb
iPRES:ea2022:4,iPRES:osf:yafrp
iPRES:ea2022:15,iPRES:osf:yf8tn
iPRES:ea2022:108,iPRES:osf:z375k
iPRES:ea2022:82,iPRES:osf:zk5qd
iPRES:ea2022:2,iPRES:osf:zndu5
iPRES:ea2022:31,iPRES:osf:zp357
iPRES:ea2022:33,iPRES:osf:zt6ex
